RunID,SessionDate,Model,TopActions,TopRisks,SuggestedUpdates,SealHash,SummaryConfidence_pct,NextReviewDate,Operator,Notes
RUN-001,2026-01-02,gpt-4o,1) Action A-1; 2) Action B-1; 3) Action C-1,1) Risk X-1; 2) Risk Y-1; 3) Risk Z-1,Update CLM-001 confidence; Review ASM-001,sha256:aaaaaaaa...,68,2026-01-09,J. Rivera,Run 1 note
RUN-002,2026-01-03,claude-opus-4,1) Action A-2; 2) Action B-2; 3) Action C-2,1) Risk X-2; 2) Risk Y-2; 3) Risk Z-2,Update CLM-002 confidence; Review ASM-002,sha256:bbbbbbbb...,76,2026-01-10,M. Chen,Run 2 note
RUN-003,2026-01-04,claude-sonnet-4,1) Action A-3; 2) Action B-3; 3) Action C-3,1) Risk X-3; 2) Risk Y-3; 3) Risk Z-3,Update CLM-003 confidence; Review ASM-003,sha256:cccccccc...,68,2026-01-11,A. Patel,Run 3 note
RUN-004,2026-01-05,gemini-2.0-flash,1) Action A-4; 2) Action B-4; 3) Action C-4,1) Risk X-4; 2) Risk Y-4; 3) Risk Z-4,Update CLM-004 confidence; Review ASM-004,sha256:dddddddd...,71,2026-01-12,S. Kim,Run 4 note
RUN-005,2026-01-06,gpt-4o,1) Action A-5; 2) Action B-5; 3) Action C-5,1) Risk X-5; 2) Risk Y-5; 3) Risk Z-5,Update CLM-005 confidence; Review ASM-005,sha256:eeeeeeee...,87,2026-01-13,L. Torres,Run 5 note
RUN-006,2026-01-07,claude-opus-4,1) Action A-6; 2) Action B-6; 3) Action C-6,1) Risk X-6; 2) Risk Y-6; 3) Risk Z-6,Update CLM-006 confidence; Review ASM-006,sha256:ffffffff...,86,2026-01-14,R. Nakamura,Run 6 note
RUN-007,2026-01-08,claude-sonnet-4,1) Action A-7; 2) Action B-7; 3) Action C-7,1) Risk X-7; 2) Risk Y-7; 3) Risk Z-7,Update CLM-007 confidence; Review ASM-007,sha256:00000000...,71,2026-01-15,D. Williams,Run 7 note
RUN-008,2026-01-09,gemini-2.0-flash,1) Action A-8; 2) Action B-8; 3) Action C-8,1) Risk X-8; 2) Risk Y-8; 3) Risk Z-8,Update CLM-008 confidence; Review ASM-008,sha256:11111111...,58,2026-01-16,K. Larsen,Run 8 note
RUN-009,2026-01-10,gpt-4o,1) Action A-9; 2) Action B-9; 3) Action C-9,1) Risk X-9; 2) Risk Y-9; 3) Risk Z-9,Update CLM-009 confidence; Review ASM-009,sha256:22222222...,60,2026-01-17,J. Rivera,Run 9 note
RUN-010,2026-01-11,claude-opus-4,1) Action A-10; 2) Action B-10; 3) Action C-10,1) Risk X-10; 2) Risk Y-10; 3) Risk Z-10,Update CLM-010 confidence; Review ASM-010,sha256:33333333...,82,2026-01-18,M. Chen,Run 10 note
RUN-011,2026-01-12,claude-sonnet-4,1) Action A-11; 2) Action B-11; 3) Action C-11,1) Risk X-11; 2) Risk Y-11; 3) Risk Z-11,Update CLM-011 confidence; Review ASM-011,sha256:44444444...,72,2026-01-19,A. Patel,Run 11 note
RUN-012,2026-01-13,gemini-2.0-flash,1) Action A-12; 2) Action B-12; 3) Action C-12,1) Risk X-12; 2) Risk Y-12; 3) Risk Z-12,Update CLM-012 confidence; Review ASM-012,sha256:55555555...,57,2026-01-20,S. Kim,Run 12 note
RUN-013,2026-02-14,gpt-4o,1) Action A-13; 2) Action B-13; 3) Action C-13,1) Risk X-13; 2) Risk Y-13; 3) Risk Z-13,Update CLM-013 confidence; Review ASM-013,sha256:66666666...,55,2026-02-21,L. Torres,Run 13 note
RUN-014,2026-02-15,claude-opus-4,1) Action A-14; 2) Action B-14; 3) Action C-14,1) Risk X-14; 2) Risk Y-14; 3) Risk Z-14,Update CLM-014 confidence; Review ASM-014,sha256:77777777...,76,2026-02-22,R. Nakamura,Run 14 note
RUN-015,2026-02-16,claude-sonnet-4,1) Action A-15; 2) Action B-15; 3) Action C-15,1) Risk X-15; 2) Risk Y-15; 3) Risk Z-15,Update CLM-015 confidence; Review ASM-015,sha256:88888888...,63,2026-02-23,D. Williams,Run 15 note
RUN-016,2026-02-17,gemini-2.0-flash,1) Action A-16; 2) Action B-16; 3) Action C-16,1) Risk X-16; 2) Risk Y-16; 3) Risk Z-16,Update CLM-016 confidence; Review ASM-016,sha256:99999999...,71,2026-02-24,K. Larsen,Run 16 note
RUN-017,2026-02-18,gpt-4o,1) Action A-17; 2) Action B-17; 3) Action C-17,1) Risk X-17; 2) Risk Y-17; 3) Risk Z-17,Update CLM-017 confidence; Review ASM-017,sha256:aaaaaaaa...,65,2026-02-25,J. Rivera,Run 17 note
RUN-018,2026-02-19,claude-opus-4,1) Action A-18; 2) Action B-18; 3) Action C-18,1) Risk X-18; 2) Risk Y-18; 3) Risk Z-18,Update CLM-018 confidence; Review ASM-018,sha256:bbbbbbbb...,83,2026-02-26,M. Chen,Run 18 note
RUN-019,2026-02-20,claude-sonnet-4,1) Action A-19; 2) Action B-19; 3) Action C-19,1) Risk X-19; 2) Risk Y-19; 3) Risk Z-19,Update CLM-019 confidence; Review ASM-019,sha256:cccccccc...,90,2026-02-27,A. Patel,Run 19 note
RUN-020,2026-02-21,gemini-2.0-flash,1) Action A-20; 2) Action B-20; 3) Action C-20,1) Risk X-20; 2) Risk Y-20; 3) Risk Z-20,Update CLM-020 confidence; Review ASM-020,sha256:dddddddd...,82,2026-02-28,S. Kim,Run 20 note
RUN-021,2026-02-22,gpt-4o,1) Action A-21; 2) Action B-21; 3) Action C-21,1) Risk X-21; 2) Risk Y-21; 3) Risk Z-21,Update CLM-021 confidence; Review ASM-021,sha256:eeeeeeee...,90,2026-02-28,L. Torres,Run 21 note
RUN-022,2026-02-23,claude-opus-4,1) Action A-22; 2) Action B-22; 3) Action C-22,1) Risk X-22; 2) Risk Y-22; 3) Risk Z-22,Update CLM-022 confidence; Review ASM-022,sha256:ffffffff...,55,2026-02-28,R. Nakamura,Run 22 note
RUN-023,2026-02-24,claude-sonnet-4,1) Action A-23; 2) Action B-23; 3) Action C-23,1) Risk X-23; 2) Risk Y-23; 3) Risk Z-23,Update CLM-023 confidence; Review ASM-023,sha256:00000000...,62,2026-02-28,D. Williams,Run 23 note
RUN-024,2026-02-25,gemini-2.0-flash,1) Action A-24; 2) Action B-24; 3) Action C-24,1) Risk X-24; 2) Risk Y-24; 3) Risk Z-24,Update CLM-024 confidence; Review ASM-024,sha256:11111111...,59,2026-02-28,K. Larsen,Run 24 note
RUN-025,2026-02-26,gpt-4o,1) Action A-25; 2) Action B-25; 3) Action C-25,1) Risk X-25; 2) Risk Y-25; 3) Risk Z-25,Update CLM-025 confidence; Review ASM-025,sha256:22222222...,64,2026-02-28,J. Rivera,Run 25 note
